DATAFLOW,LAST UPDATE,freq,na_item,s_adj,unit,geo,TIME_PERIOD,OBS_VALUE,OBS_FLAG
ESTAT:TEINA010(1.0),03/06/22 23:00:00,Q,B1GQ,SCA,MIO_EUR_SCA,AT,2019-Q2,98807.3,
ESTAT:TEINA010(1.0),03/06/22 23:00:00,Q,B1GQ,SCA,MIO_EUR_SCA,AT,2019-Q3,99709.7,
ESTAT:TEINA010(1.0),03/06/22 23:00:00,Q,B1GQ,SCA,MIO_EUR_SCA,AT,2019-Q4,99939.1,
ESTAT:TEINA010(1.0),03/06/22 23:00:00,Q,B1GQ,SCA,MIO_EUR_SCA,AT,2020-Q1,97668.7,
ESTAT:TEINA010(1.0),03/06/22 23:00:00,Q,B1GQ,SCA,MIO_EUR_SCA,AT,2020-Q2,87896.1,
ESTAT:TEINA010(1.0),03/06/22 23:00:00,Q,B1GQ,SCA,MIO_EUR_SCA,AT,2020-Q3,97415.3,
ESTAT:TEINA010(1.0),03/06/22 23:00:00,Q,B1GQ,SCA,MIO_EUR_SCA,AT,2020-Q4,95659.5,
ESTAT:TEINA010(1.0),03/06/22 23:00:00,Q,B1GQ,SCA,MIO_EUR_SCA,AT,2021-Q1,95054.5,
ESTAT:TEINA010(1.0),03/06/22 23:00:00,Q,B1GQ,SCA,MIO_EUR_SCA,AT,2021-Q2,99674.0,
ESTAT:TEINA010(1.0),03/06/22 23:00:00,Q,B1GQ,SCA,MIO_EUR_SCA,AT,2021-Q3,103977.7,
ESTAT:TEINA010(1.0),03/06/22 23:00:00,Q,B1GQ,SCA,MIO_EUR_SCA,AT,2021-Q4,103714.7,
ESTAT:TEINA010(1.0),03/06/22 23:00:00,Q,B1GQ,SCA,MIO_EUR_SCA,AT,2022-Q1,106802.5,
ESTAT:TEINA010(1.0),03/06/22 23:00:00,Q,B1GQ,SCA,MIO_EUR_SCA,BE,2019-Q2,118645.0,
ESTAT:TEINA010(1.0),03/06/22 23:00:00,Q,B1GQ,SCA,MIO_EUR_SCA,BE,2019-Q3,120297.0,
ESTAT:TEINA010(1.0),03/06/22 23:00:00,Q,B1GQ,SCA,MIO_EUR_SCA,BE,2019-Q4,121599.0,
ESTAT:TEINA010(1.0),03/06/22 23:00:00,Q,B1GQ,SCA,MIO_EUR_SCA,BE,2020-Q1,118139.0,p
ESTAT:TEINA010(1.0),03/06/22 23:00:00,Q,B1GQ,SCA,MIO_EUR_SCA,BE,2020-Q2,103279.0,p
ESTAT:TEINA010(1.0),03/06/22 23:00:00,Q,B1GQ,SCA,MIO_EUR_SCA,BE,2020-Q3,117208.0,p
ESTAT:TEINA010(1.0),03/06/22 23:00:00,Q,B1GQ,SCA,MIO_EUR_SCA,BE,2020-Q4,118105.0,p
ESTAT:TEINA010(1.0),03/06/22 23:00:00,Q,B1GQ,SCA,MIO_EUR_SCA,BE,2021-Q1,121069.0,p
ESTAT:TEINA010(1.0),03/06/22 23:00:00,Q,B1GQ,SCA,MIO_EUR_SCA,BE,2021-Q2,124071.0,p
ESTAT:TEINA010(1.0),03/06/22 23:00:00,Q,B1GQ,SCA,MIO_EUR_SCA,BE,2021-Q3,128912.0,p
ESTAT:TEINA010(1.0),03/06/22 23:00:00,Q,B1GQ,SCA,MIO_EUR_SCA,BE,2021-Q4,132153.0,p
ESTAT:TEINA010(1.0),03/06/22 23:00:00,Q,B1GQ,SCA,MIO_EUR_SCA,BE,2022-Q1,136705.0,p
ESTAT:TEINA010(1.0),03/06/22 23:00:00,Q,B1GQ,SCA,MIO_EUR_SCA,BG,2019-Q2,15544.4,p
ESTAT:TEINA010(1.0),03/06/22 23:00:00,Q,B1GQ,SCA,MIO_EUR_SCA,BG,2019-Q3,15119.7,p
ESTAT:TEINA010(1.0),03/06/22 23:00:00,Q,B1GQ,SCA,MIO_EUR_SCA,BG,2019-Q4,15588.1,p
ESTAT:TEINA010(1.0),03/06/22 23:00:00,Q,B1GQ,SCA,MIO_EUR_SCA,BG,2020-Q1,15609.2,p
ESTAT:TEINA010(1.0),03/06/22 23:00:00,Q,B1GQ,SCA,MIO_EUR_SCA,BG,2020-Q2,14485.5,p
ESTAT:TEINA010(1.0),03/06/22 23:00:00,Q,B1GQ,SCA,MIO_EUR_SCA,BG,2020-Q3,15420.7,p
ESTAT:TEINA010(1.0),03/06/22 23:00:00,Q,B1GQ,SCA,MIO_EUR_SCA,BG,2020-Q4,15765.7,p
ESTAT:TEINA010(1.0),03/06/22 23:00:00,Q,B1GQ,SCA,MIO_EUR_SCA,BG,2021-Q1,16300.2,p
ESTAT:TEINA010(1.0),03/06/22 23:00:00,Q,B1GQ,SCA,MIO_EUR_SCA,BG,2021-Q2,16366.2,p
ESTAT:TEINA010(1.0),03/06/22 23:00:00,Q,B1GQ,SCA,MIO_EUR_SCA,BG,2021-Q3,17088.9,p
ESTAT:TEINA010(1.0),03/06/22 23:00:00,Q,B1GQ,SCA,MIO_EUR_SCA,BG,2021-Q4,17891.9,p
ESTAT:TEINA010(1.0),03/06/22 23:00:00,Q,B1GQ,SCA,MIO_EUR_SCA,CH,2019-Q2,161140.6,
ESTAT:TEINA010(1.0),03/06/22 23:00:00,Q,B1GQ,SCA,MIO_EUR_SCA,CH,2019-Q3,166142.4,
ESTAT:TEINA010(1.0),03/06/22 23:00:00,Q,B1GQ,SCA,MIO_EUR_SCA,CH,2019-Q4,166899.5,
ESTAT:TEINA010(1.0),03/06/22 23:00:00,Q,B1GQ,SCA,MIO_EUR_SCA,CH,2020-Q1,168291.5,
ESTAT:TEINA010(1.0),03/06/22 23:00:00,Q,B1GQ,SCA,MIO_EUR_SCA,CH,2020-Q2,158396.9,
ESTAT:TEINA010(1.0),03/06/22 23:00:00,Q,B1GQ,SCA,MIO_EUR_SCA,CH,2020-Q3,166275.8,
ESTAT:TEINA010(1.0),03/06/22 23:00:00,Q,B1GQ,SCA,MIO_EUR_SCA,CH,2020-Q4,166435.5,
ESTAT:TEINA010(1.0),03/06/22 23:00:00,Q,B1GQ,SCA,MIO_EUR_SCA,CH,2021-Q1,164088.3,
ESTAT:TEINA010(1.0),03/06/22 23:00:00,Q,B1GQ,SCA,MIO_EUR_SCA,CH,2021-Q2,168078.1,
ESTAT:TEINA010(1.0),03/06/22 23:00:00,Q,B1GQ,SCA,MIO_EUR_SCA,CH,2021-Q3,174362.9,
ESTAT:TEINA010(1.0),03/06/22 23:00:00,Q,B1GQ,SCA,MIO_EUR_SCA,CH,2021-Q4,180664.7,
ESTAT:TEINA010(1.0),03/06/22 23:00:00,Q,B1GQ,SCA,MIO_EUR_SCA,CH,2022-Q1,185635.8,
ESTAT:TEINA010(1.0),03/06/22 23:00:00,Q,B1GQ,SCA,MIO_EUR_SCA,CY,2019-Q2,5736.3,
ESTAT:TEINA010(1.0),03/06/22 23:00:00,Q,B1GQ,SCA,MIO_EUR_SCA,CY,2019-Q3,5788.2,
ESTAT:TEINA010(1.0),03/06/22 23:00:00,Q,B1GQ,SCA,MIO_EUR_SCA,CY,2019-Q4,5812.8,
ESTAT:TEINA010(1.0),03/06/22 23:00:00,Q,B1GQ,SCA,MIO_EUR_SCA,CY,2020-Q1,5760.7,
ESTAT:TEINA010(1.0),03/06/22 23:00:00,Q,B1GQ,SCA,MIO_EUR_SCA,CY,2020-Q2,4943.8,
ESTAT:TEINA010(1.0),03/06/22 23:00:00,Q,B1GQ,SCA,MIO_EUR_SCA,CY,2020-Q3,5421.6,
ESTAT:TEINA010(1.0),03/06/22 23:00:00,Q,B1GQ,SCA,MIO_EUR_SCA,CY,2020-Q4,5491.8,
ESTAT:TEINA010(1.0),03/06/22 23:00:00,Q,B1GQ,SCA,MIO_EUR_SCA,CY,2021-Q1,5618.9,
ESTAT:TEINA010(1.0),03/06/22 23:00:00,Q,B1GQ,SCA,MIO_EUR_SCA,CY,2021-Q2,5791.1,
ESTAT:TEINA010(1.0),03/06/22 23:00:00,Q,B1GQ,SCA,MIO_EUR_SCA,CY,2021-Q3,5950.0,
ESTAT:TEINA010(1.0),03/06/22 23:00:00,Q,B1GQ,SCA,MIO_EUR_SCA,CY,2021-Q4,6076.6,
ESTAT:TEINA010(1.0),03/06/22 23:00:00,Q,B1GQ,SCA,MIO_EUR_SCA,CY,2022-Q1,6195.4,
ESTAT:TEINA010(1.0),03/06/22 23:00:00,Q,B1GQ,SCA,MIO_EUR_SCA,CZ,2019-Q2,56095.0,
ESTAT:TEINA010(1.0),03/06/22 23:00:00,Q,B1GQ,SCA,MIO_EUR_SCA,CZ,2019-Q3,56731.3,
ESTAT:TEINA010(1.0),03/06/22 23:00:00,Q,B1GQ,SCA,MIO_EUR_SCA,CZ,2019-Q4,57608.4,
ESTAT:TEINA010(1.0),03/06/22 23:00:00,Q,B1GQ,SCA,MIO_EUR_SCA,CZ,2020-Q1,56682.6,
ESTAT:TEINA010(1.0),03/06/22 23:00:00,Q,B1GQ,SCA,MIO_EUR_SCA,CZ,2020-Q2,49451.6,
ESTAT:TEINA010(1.0),03/06/22 23:00:00,Q,B1GQ,SCA,MIO_EUR_SCA,CZ,2020-Q3,54431.5,
ESTAT:TEINA010(1.0),03/06/22 23:00:00,Q,B1GQ,SCA,MIO_EUR_SCA,CZ,2020-Q4,54911.7,
ESTAT:TEINA010(1.0),03/06/22 23:00:00,Q,B1GQ,SCA,MIO_EUR_SCA,CZ,2021-Q1,56623.9,
ESTAT:TEINA010(1.0),03/06/22 23:00:00,Q,B1GQ,SCA,MIO_EUR_SCA,CZ,2021-Q2,59324.8,
ESTAT:TEINA010(1.0),03/06/22 23:00:00,Q,B1GQ,SCA,MIO_EUR_SCA,CZ,2021-Q3,61232.2,
ESTAT:TEINA010(1.0),03/06/22 23:00:00,Q,B1GQ,SCA,MIO_EUR_SCA,CZ,2021-Q4,61469.9,
ESTAT:TEINA010(1.0),03/06/22 23:00:00,Q,B1GQ,SCA,MIO_EUR_SCA,CZ,2022-Q1,66393.6,
ESTAT:TEINA010(1.0),03/06/22 23:00:00,Q,B1GQ,SCA,MIO_EUR_SCA,DE,2019-Q2,864337.0,p
ESTAT:TEINA010(1.0),03/06/22 23:00:00,Q,B1GQ,SCA,MIO_EUR_SCA,DE,2019-Q3,872995.0,p
ESTAT:TEINA010(1.0),03/06/22 23:00:00,Q,B1GQ,SCA,MIO_EUR_SCA,DE,2019-Q4,878996.0,p
ESTAT:TEINA010(1.0),03/06/22 23:00:00,Q,B1GQ,SCA,MIO_EUR_SCA,DE,2020-Q1,867072.0,p
ESTAT:TEINA010(1.0),03/06/22 23:00:00,Q,B1GQ,SCA,MIO_EUR_SCA,DE,2020-Q2,785466.0,p
ESTAT:TEINA010(1.0),03/06/22 23:00:00,Q,B1GQ,SCA,MIO_EUR_SCA,DE,2020-Q3,848856.0,p
ESTAT:TEINA010(1.0),03/06/22 23:00:00,Q,B1GQ,SCA,MIO_EUR_SCA,DE,2020-Q4,858830.0,p
ESTAT:TEINA010(1.0),03/06/22 23:00:00,Q,B1GQ,SCA,MIO_EUR_SCA,DE,2021-Q1,858249.0,p
ESTAT:TEINA010(1.0),03/06/22 23:00:00,Q,B1GQ,SCA,MIO_EUR_SCA,DE,2021-Q2,875577.0,p
ESTAT:TEINA010(1.0),03/06/22 23:00:00,Q,B1GQ,SCA,MIO_EUR_SCA,DE,2021-Q3,910936.0,p
ESTAT:TEINA010(1.0),03/06/22 23:00:00,Q,B1GQ,SCA,MIO_EUR_SCA,DE,2021-Q4,917223.0,p
ESTAT:TEINA010(1.0),03/06/22 23:00:00,Q,B1GQ,SCA,MIO_EUR_SCA,DE,2022-Q1,925061.0,p
ESTAT:TEINA010(1.0),03/06/22 23:00:00,Q,B1GQ,SCA,MIO_EUR_SCA,DK,2019-Q2,77517.0,
ESTAT:TEINA010(1.0),03/06/22 23:00:00,Q,B1GQ,SCA,MIO_EUR_SCA,DK,2019-Q3,78267.7,
ESTAT:TEINA010(1.0),03/06/22 23:00:00,Q,B1GQ,SCA,MIO_EUR_SCA,DK,2019-Q4,78167.8,
ESTAT:TEINA010(1.0),03/06/22 23:00:00,Q,B1GQ,SCA,MIO_EUR_SCA,DK,2020-Q1,78838.0,
ESTAT:TEINA010(1.0),03/06/22 23:00:00,Q,B1GQ,SCA,MIO_EUR_SCA,DK,2020-Q2,74530.8,
ESTAT:TEINA010(1.0),03/06/22 23:00:00,Q,B1GQ,SCA,MIO_EUR_SCA,DK,2020-Q3,79530.2,
ESTAT:TEINA010(1.0),03/06/22 23:00:00,Q,B1GQ,SCA,MIO_EUR_SCA,DK,2020-Q4,79616.5,
ESTAT:TEINA010(1.0),03/06/22 23:00:00,Q,B1GQ,SCA,MIO_EUR_SCA,DK,2021-Q1,79704.7,
ESTAT:TEINA010(1.0),03/06/22 23:00:00,Q,B1GQ,SCA,MIO_EUR_SCA,DK,2021-Q2,82430.3,
ESTAT:TEINA010(1.0),03/06/22 23:00:00,Q,B1GQ,SCA,MIO_EUR_SCA,DK,2021-Q3,84634.3,
ESTAT:TEINA010(1.0),03/06/22 23:00:00,Q,B1GQ,SCA,MIO_EUR_SCA,DK,2021-Q4,88934.4,
ESTAT:TEINA010(1.0),03/06/22 23:00:00,Q,B1GQ,SCA,MIO_EUR_SCA,DK,2022-Q1,90365.4,
ESTAT:TEINA010(1.0),03/06/22 23:00:00,Q,B1GQ,SCA,MIO_EUR_SCA,EA,2019-Q2,2989169.0,
ESTAT:TEINA010(1.0),03/06/22 23:00:00,Q,B1GQ,SCA,MIO_EUR_SCA,EA,2019-Q3,3009058.0,
ESTAT:TEINA010(1.0),03/06/22 23:00:00,Q,B1GQ,SCA,MIO_EUR_SCA,EA,2019-Q4,3024407.7,
ESTAT:TEINA010(1.0),03/06/22 23:00:00,Q,B1GQ,SCA,MIO_EUR_SCA,EA,2020-Q1,2929402.9,
ESTAT:TEINA010(1.0),03/06/22 23:00:00,Q,B1GQ,SCA,MIO_EUR_SCA,EA,2020-Q2,2618626.6,
ESTAT:TEINA010(1.0),03/06/22 23:00:00,Q,B1GQ,SCA,MIO_EUR_SCA,EA,2020-Q3,2920145.1,
ESTAT:TEINA010(1.0),03/06/22 23:00:00,Q,B1GQ,SCA,MIO_EUR_SCA,EA,2020-Q4,2928568.0,
ESTAT:TEINA010(1.0),03/06/22 23:00:00,Q,B1GQ,SCA,MIO_EUR_SCA,EA,2021-Q1,2946230.3,
ESTAT:TEINA010(1.0),03/06/22 23:00:00,Q,B1GQ,SCA,MIO_EUR_SCA,EA,2021-Q2,3018092.1,
ESTAT:TEINA010(1.0),03/06/22 23:00:00,Q,B1GQ,SCA,MIO_EUR_SCA,EA,2021-Q3,3122368.7,
ESTAT:TEINA010(1.0),03/06/22 23:00:00,Q,B1GQ,SCA,MIO_EUR_SCA,EA,2021-Q4,3157479.8,
ESTAT:TEINA010(1.0),03/06/22 23:00:00,Q,B1GQ,SCA,MIO_EUR_SCA,EA19,2019-Q2,2989169.0,
ESTAT:TEINA010(1.0),03/06/22 23:00:00,Q,B1GQ,SCA,MIO_EUR_SCA,EA19,2019-Q3,3009058.0,
ESTAT:TEINA010(1.0),03/06/22 23:00:00,Q,B1GQ,SCA,MIO_EUR_SCA,EA19,2019-Q4,3024407.7,
ESTAT:TEINA010(1.0),03/06/22 23:00:00,Q,B1GQ,SCA,MIO_EUR_SCA,EA19,2020-Q1,2929402.9,
ESTAT:TEINA010(1.0),03/06/22 23:00:00,Q,B1GQ,SCA,MIO_EUR_SCA,EA19,2020-Q2,2618626.6,
ESTAT:TEINA010(1.0),03/06/22 23:00:00,Q,B1GQ,SCA,MIO_EUR_SCA,EA19,2020-Q3,2920145.1,
ESTAT:TEINA010(1.0),03/06/22 23:00:00,Q,B1GQ,SCA,MIO_EUR_SCA,EA19,2020-Q4,2928568.0,
ESTAT:TEINA010(1.0),03/06/22 23:00:00,Q,B1GQ,SCA,MIO_EUR_SCA,EA19,2021-Q1,2946230.3,
ESTAT:TEINA010(1.0),03/06/22 23:00:00,Q,B1GQ,SCA,MIO_EUR_SCA,EA19,2021-Q2,3018092.1,
ESTAT:TEINA010(1.0),03/06/22 23:00:00,Q,B1GQ,SCA,MIO_EUR_SCA,EA19,2021-Q3,3122368.7,
ESTAT:TEINA010(1.0),03/06/22 23:00:00,Q,B1GQ,SCA,MIO_EUR_SCA,EA19,2021-Q4,3157479.8,
ESTAT:TEINA010(1.0),03/06/22 23:00:00,Q,B1GQ,SCA,MIO_EUR_SCA,EE,2019-Q2,6910.3,
ESTAT:TEINA010(1.0),03/06/22 23:00:00,Q,B1GQ,SCA,MIO_EUR_SCA,EE,2019-Q3,6949.4,
ESTAT:TEINA010(1.0),03/06/22 23:00:00,Q,B1GQ,SCA,MIO_EUR_SCA,EE,2019-Q4,7000.5,
ESTAT:TEINA010(1.0),03/06/22 23:00:00,Q,B1GQ,SCA,MIO_EUR_SCA,EE,2020-Q1,6845.3,
ESTAT:TEINA010(1.0),03/06/22 23:00:00,Q,B1GQ,SCA,MIO_EUR_SCA,EE,2020-Q2,6335.6,
ESTAT:TEINA010(1.0),03/06/22 23:00:00,Q,B1GQ,SCA,MIO_EUR_SCA,EE,2020-Q3,6733.9,
ESTAT:TEINA010(1.0),03/06/22 23:00:00,Q,B1GQ,SCA,MIO_EUR_SCA,EE,2020-Q4,6903.2,
ESTAT:TEINA010(1.0),03/06/22 23:00:00,Q,B1GQ,SCA,MIO_EUR_SCA,EE,2021-Q1,7169.6,
ESTAT:TEINA010(1.0),03/06/22 23:00:00,Q,B1GQ,SCA,MIO_EUR_SCA,EE,2021-Q2,7415.6,
ESTAT:TEINA010(1.0),03/06/22 23:00:00,Q,B1GQ,SCA,MIO_EUR_SCA,EE,2021-Q3,7784.0,
ESTAT:TEINA010(1.0),03/06/22 23:00:00,Q,B1GQ,SCA,MIO_EUR_SCA,EE,2021-Q4,8221.5,
ESTAT:TEINA010(1.0),03/06/22 23:00:00,Q,B1GQ,SCA,MIO_EUR_SCA,EE,2022-Q1,8583.0,
ESTAT:TEINA010(1.0),03/06/22 23:00:00,Q,B1GQ,SCA,MIO_EUR_SCA,EL,2019-Q2,46089.2,p
ESTAT:TEINA010(1.0),03/06/22 23:00:00,Q,B1GQ,SCA,MIO_EUR_SCA,EL,2019-Q3,45577.8,p
ESTAT:TEINA010(1.0),03/06/22 23:00:00,Q,B1GQ,SCA,MIO_EUR_SCA,EL,2019-Q4,45388.2,p
ESTAT:TEINA010(1.0),03/06/22 23:00:00,Q,B1GQ,SCA,MIO_EUR_SCA,EL,2020-Q1,44960.4,p
ESTAT:TEINA010(1.0),03/06/22 23:00:00,Q,B1GQ,SCA,MIO_EUR_SCA,EL,2020-Q2,38331.4,p
ESTAT:TEINA010(1.0),03/06/22 23:00:00,Q,B1GQ,SCA,MIO_EUR_SCA,EL,2020-Q3,40725.4,p
ESTAT:TEINA010(1.0),03/06/22 23:00:00,Q,B1GQ,SCA,MIO_EUR_SCA,EL,2020-Q4,41680.8,p
ESTAT:TEINA010(1.0),03/06/22 23:00:00,Q,B1GQ,SCA,MIO_EUR_SCA,EL,2021-Q1,43758.4,p
ESTAT:TEINA010(1.0),03/06/22 23:00:00,Q,B1GQ,SCA,MIO_EUR_SCA,EL,2021-Q2,44994.3,p
ESTAT:TEINA010(1.0),03/06/22 23:00:00,Q,B1GQ,SCA,MIO_EUR_SCA,EL,2021-Q3,46005.8,p
ESTAT:TEINA010(1.0),03/06/22 23:00:00,Q,B1GQ,SCA,MIO_EUR_SCA,EL,2021-Q4,47239.3,p
ESTAT:TEINA010(1.0),03/06/22 23:00:00,Q,B1GQ,SCA,MIO_EUR_SCA,ES,2019-Q2,309942.0,p
ESTAT:TEINA010(1.0),03/06/22 23:00:00,Q,B1GQ,SCA,MIO_EUR_SCA,ES,2019-Q3,311706.0,p
ESTAT:TEINA010(1.0),03/06/22 23:00:00,Q,B1GQ,SCA,MIO_EUR_SCA,ES,2019-Q4,315023.0,p
ESTAT:TEINA010(1.0),03/06/22 23:00:00,Q,B1GQ,SCA,MIO_EUR_SCA,ES,2020-Q1,296636.0,p
ESTAT:TEINA010(1.0),03/06/22 23:00:00,Q,B1GQ,SCA,MIO_EUR_SCA,ES,2020-Q2,245851.0,p
ESTAT:TEINA010(1.0),03/06/22 23:00:00,Q,B1GQ,SCA,MIO_EUR_SCA,ES,2020-Q3,289165.0,p
ESTAT:TEINA010(1.0),03/06/22 23:00:00,Q,B1GQ,SCA,MIO_EUR_SCA,ES,2020-Q4,290296.0,p
ESTAT:TEINA010(1.0),03/06/22 23:00:00,Q,B1GQ,SCA,MIO_EUR_SCA,ES,2021-Q1,288033.0,p
ESTAT:TEINA010(1.0),03/06/22 23:00:00,Q,B1GQ,SCA,MIO_EUR_SCA,ES,2021-Q2,292513.0,p
ESTAT:TEINA010(1.0),03/06/22 23:00:00,Q,B1GQ,SCA,MIO_EUR_SCA,ES,2021-Q3,305002.0,p
ESTAT:TEINA010(1.0),03/06/22 23:00:00,Q,B1GQ,SCA,MIO_EUR_SCA,ES,2021-Q4,319515.0,p
ESTAT:TEINA010(1.0),03/06/22 23:00:00,Q,B1GQ,SCA,MIO_EUR_SCA,ES,2022-Q1,317760.0,p
ESTAT:TEINA010(1.0),03/06/22 23:00:00,Q,B1GQ,SCA,MIO_EUR_SCA,EU27_2020,2019-Q2,3496086.5,
ESTAT:TEINA010(1.0),03/06/22 23:00:00,Q,B1GQ,SCA,MIO_EUR_SCA,EU27_2020,2019-Q3,3518870.0,
ESTAT:TEINA010(1.0),03/06/22 23:00:00,Q,B1GQ,SCA,MIO_EUR_SCA,EU27_2020,2019-Q4,3540408.8,
ESTAT:TEINA010(1.0),03/06/22 23:00:00,Q,B1GQ,SCA,MIO_EUR_SCA,EU27_2020,2020-Q1,3445259.2,
ESTAT:TEINA010(1.0),03/06/22 23:00:00,Q,B1GQ,SCA,MIO_EUR_SCA,EU27_2020,2020-Q2,3081380.6,
ESTAT:TEINA010(1.0),03/06/22 23:00:00,Q,B1GQ,SCA,MIO_EUR_SCA,EU27_2020,2020-Q3,3425243.2,
ESTAT:TEINA010(1.0),03/06/22 23:00:00,Q,B1GQ,SCA,MIO_EUR_SCA,EU27_2020,2020-Q4,3442595.3,
ESTAT:TEINA010(1.0),03/06/22 23:00:00,Q,B1GQ,SCA,MIO_EUR_SCA,EU27_2020,2021-Q1,3472775.4,
ESTAT:TEINA010(1.0),03/06/22 23:00:00,Q,B1GQ,SCA,MIO_EUR_SCA,EU27_2020,2021-Q2,3557639.2,
ESTAT:TEINA010(1.0),03/06/22 23:00:00,Q,B1GQ,SCA,MIO_EUR_SCA,EU27_2020,2021-Q3,3676729.1,
ESTAT:TEINA010(1.0),03/06/22 23:00:00,Q,B1GQ,SCA,MIO_EUR_SCA,EU27_2020,2021-Q4,3730472.2,
ESTAT:TEINA010(1.0),03/06/22 23:00:00,Q,B1GQ,SCA,MIO_EUR_SCA,EU28,2019-Q2,4126591.8,
ESTAT:TEINA010(1.0),03/06/22 23:00:00,Q,B1GQ,SCA,MIO_EUR_SCA,EU28,2019-Q3,4137165.6,
ESTAT:TEINA010(1.0),03/06/22 23:00:00,Q,B1GQ,SCA,MIO_EUR_SCA,EU28,2019-Q4,4189587.2,
ESTAT:TEINA010(1.0),03/06/22 23:00:00,Q,B1GQ,SCA,MIO_EUR_SCA,FI,2019-Q2,60006.0,
ESTAT:TEINA010(1.0),03/06/22 23:00:00,Q,B1GQ,SCA,MIO_EUR_SCA,FI,2019-Q3,60197.0,
ESTAT:TEINA010(1.0),03/06/22 23:00:00,Q,B1GQ,SCA,MIO_EUR_SCA,FI,2019-Q4,60392.0,
ESTAT:TEINA010(1.0),03/06/22 23:00:00,Q,B1GQ,SCA,MIO_EUR_SCA,FI,2020-Q1,60776.0,
ESTAT:TEINA010(1.0),03/06/22 23:00:00,Q,B1GQ,SCA,MIO_EUR_SCA,FI,2020-Q2,57272.0,
ESTAT:TEINA010(1.0),03/06/22 23:00:00,Q,B1GQ,SCA,MIO_EUR_SCA,FI,2020-Q3,59743.0,
ESTAT:TEINA010(1.0),03/06/22 23:00:00,Q,B1GQ,SCA,MIO_EUR_SCA,FI,2020-Q4,60204.0,
ESTAT:TEINA010(1.0),03/06/22 23:00:00,Q,B1GQ,SCA,MIO_EUR_SCA,FI,2021-Q1,60897.0,
ESTAT:TEINA010(1.0),03/06/22 23:00:00,Q,B1GQ,SCA,MIO_EUR_SCA,FI,2021-Q2,62600.0,
ESTAT:TEINA010(1.0),03/06/22 23:00:00,Q,B1GQ,SCA,MIO_EUR_SCA,FI,2021-Q3,64035.0,
ESTAT:TEINA010(1.0),03/06/22 23:00:00,Q,B1GQ,SCA,MIO_EUR_SCA,FI,2021-Q4,65402.0,
ESTAT:TEINA010(1.0),03/06/22 23:00:00,Q,B1GQ,SCA,MIO_EUR_SCA,FI,2022-Q1,66282.0,
ESTAT:TEINA010(1.0),03/06/22 23:00:00,Q,B1GQ,SCA,MIO_EUR_SCA,FR,2019-Q2,610942.0,
ESTAT:TEINA010(1.0),03/06/22 23:00:00,Q,B1GQ,SCA,MIO_EUR_SCA,FR,2019-Q3,612521.0,
ESTAT:TEINA010(1.0),03/06/22 23:00:00,Q,B1GQ,SCA,MIO_EUR_SCA,FR,2019-Q4,611863.0,
ESTAT:TEINA010(1.0),03/06/22 23:00:00,Q,B1GQ,SCA,MIO_EUR_SCA,FR,2020-Q1,584395.1,
ESTAT:TEINA010(1.0),03/06/22 23:00:00,Q,B1GQ,SCA,MIO_EUR_SCA,FR,2020-Q2,524817.8,
ESTAT:TEINA010(1.0),03/06/22 23:00:00,Q,B1GQ,SCA,MIO_EUR_SCA,FR,2020-Q3,600556.8,
ESTAT:TEINA010(1.0),03/06/22 23:00:00,Q,B1GQ,SCA,MIO_EUR_SCA,FR,2020-Q4,599969.4,
ESTAT:TEINA010(1.0),03/06/22 23:00:00,Q,B1GQ,SCA,MIO_EUR_SCA,FR,2021-Q1,606423.1,
ESTAT:TEINA010(1.0),03/06/22 23:00:00,Q,B1GQ,SCA,MIO_EUR_SCA,FR,2021-Q2,616661.1,
ESTAT:TEINA010(1.0),03/06/22 23:00:00,Q,B1GQ,SCA,MIO_EUR_SCA,FR,2021-Q3,635734.3,
ESTAT:TEINA010(1.0),03/06/22 23:00:00,Q,B1GQ,SCA,MIO_EUR_SCA,FR,2021-Q4,640003.8,
ESTAT:TEINA010(1.0),03/06/22 23:00:00,Q,B1GQ,SCA,MIO_EUR_SCA,FR,2022-Q1,642221.0,
ESTAT:TEINA010(1.0),03/06/22 23:00:00,Q,B1GQ,SCA,MIO_EUR_SCA,HR,2019-Q2,13880.1,
ESTAT:TEINA010(1.0),03/06/22 23:00:00,Q,B1GQ,SCA,MIO_EUR_SCA,HR,2019-Q3,13931.4,
ESTAT:TEINA010(1.0),03/06/22 23:00:00,Q,B1GQ,SCA,MIO_EUR_SCA,HR,2019-Q4,14097.0,
ESTAT:TEINA010(1.0),03/06/22 23:00:00,Q,B1GQ,SCA,MIO_EUR_SCA,HR,2020-Q1,13874.1,p
ESTAT:TEINA010(1.0),03/06/22 23:00:00,Q,B1GQ,SCA,MIO_EUR_SCA,HR,2020-Q2,11609.9,p
ESTAT:TEINA010(1.0),03/06/22 23:00:00,Q,B1GQ,SCA,MIO_EUR_SCA,HR,2020-Q3,11961.7,p
ESTAT:TEINA010(1.0),03/06/22 23:00:00,Q,B1GQ,SCA,MIO_EUR_SCA,HR,2020-Q4,12994.8,p
ESTAT:TEINA010(1.0),03/06/22 23:00:00,Q,B1GQ,SCA,MIO_EUR_SCA,HR,2021-Q1,13679.1,p
ESTAT:TEINA010(1.0),03/06/22 23:00:00,Q,B1GQ,SCA,MIO_EUR_SCA,HR,2021-Q2,14035.6,p
ESTAT:TEINA010(1.0),03/06/22 23:00:00,Q,B1GQ,SCA,MIO_EUR_SCA,HR,2021-Q3,14547.1,p
ESTAT:TEINA010(1.0),03/06/22 23:00:00,Q,B1GQ,SCA,MIO_EUR_SCA,HR,2021-Q4,14904.2,p
ESTAT:TEINA010(1.0),03/06/22 23:00:00,Q,B1GQ,SCA,MIO_EUR_SCA,HR,2022-Q1,15556.0,p
ESTAT:TEINA010(1.0),03/06/22 23:00:00,Q,B1GQ,SCA,MIO_EUR_SCA,HU,2019-Q2,36470.1,
ESTAT:TEINA010(1.0),03/06/22 23:00:00,Q,B1GQ,SCA,MIO_EUR_SCA,HU,2019-Q3,36510.6,
ESTAT:TEINA010(1.0),03/06/22 23:00:00,Q,B1GQ,SCA,MIO_EUR_SCA,HU,2019-Q4,36710.1,
ESTAT:TEINA010(1.0),03/06/22 23:00:00,Q,B1GQ,SCA,MIO_EUR_SCA,HU,2020-Q1,36699.7,
ESTAT:TEINA010(1.0),03/06/22 23:00:00,Q,B1GQ,SCA,MIO_EUR_SCA,HU,2020-Q2,31147.5,
ESTAT:TEINA010(1.0),03/06/22 23:00:00,Q,B1GQ,SCA,MIO_EUR_SCA,HU,2020-Q3,34354.9,
ESTAT:TEINA010(1.0),03/06/22 23:00:00,Q,B1GQ,SCA,MIO_EUR_SCA,HU,2020-Q4,35318.6,
ESTAT:TEINA010(1.0),03/06/22 23:00:00,Q,B1GQ,SCA,MIO_EUR_SCA,HU,2021-Q1,36045.4,
ESTAT:TEINA010(1.0),03/06/22 23:00:00,Q,B1GQ,SCA,MIO_EUR_SCA,HU,2021-Q2,38814.3,
ESTAT:TEINA010(1.0),03/06/22 23:00:00,Q,B1GQ,SCA,MIO_EUR_SCA,HU,2021-Q3,39247.9,
ESTAT:TEINA010(1.0),03/06/22 23:00:00,Q,B1GQ,SCA,MIO_EUR_SCA,HU,2021-Q4,40030.7,
ESTAT:TEINA010(1.0),03/06/22 23:00:00,Q,B1GQ,SCA,MIO_EUR_SCA,HU,2022-Q1,41935.4,
ESTAT:TEINA010(1.0),03/06/22 23:00:00,Q,B1GQ,SCA,MIO_EUR_SCA,IE,2019-Q2,88695.2,
ESTAT:TEINA010(1.0),03/06/22 23:00:00,Q,B1GQ,SCA,MIO_EUR_SCA,IE,2019-Q3,89637.8,
ESTAT:TEINA010(1.0),03/06/22 23:00:00,Q,B1GQ,SCA,MIO_EUR_SCA,IE,2019-Q4,91559.6,
ESTAT:TEINA010(1.0),03/06/22 23:00:00,Q,B1GQ,SCA,MIO_EUR_SCA,IE,2020-Q1,92759.9,
ESTAT:TEINA010(1.0),03/06/22 23:00:00,Q,B1GQ,SCA,MIO_EUR_SCA,IE,2020-Q2,88714.0,
ESTAT:TEINA010(1.0),03/06/22 23:00:00,Q,B1GQ,SCA,MIO_EUR_SCA,IE,2020-Q3,97179.5,
ESTAT:TEINA010(1.0),03/06/22 23:00:00,Q,B1GQ,SCA,MIO_EUR_SCA,IE,2020-Q4,93610.6,
ESTAT:TEINA010(1.0),03/06/22 23:00:00,Q,B1GQ,SCA,MIO_EUR_SCA,IE,2021-Q1,100056.9,
ESTAT:TEINA010(1.0),03/06/22 23:00:00,Q,B1GQ,SCA,MIO_EUR_SCA,IE,2021-Q2,105823.3,
ESTAT:TEINA010(1.0),03/06/22 23:00:00,Q,B1GQ,SCA,MIO_EUR_SCA,IE,2021-Q3,109655.2,
ESTAT:TEINA010(1.0),03/06/22 23:00:00,Q,B1GQ,SCA,MIO_EUR_SCA,IE,2021-Q4,105272.7,
ESTAT:TEINA010(1.0),03/06/22 23:00:00,Q,B1GQ,SCA,MIO_EUR_SCA,IE,2022-Q1,116811.8,
ESTAT:TEINA010(1.0),03/06/22 23:00:00,Q,B1GQ,SCA,MIO_EUR_SCA,IT,2019-Q2,449116.7,
ESTAT:TEINA010(1.0),03/06/22 23:00:00,Q,B1GQ,SCA,MIO_EUR_SCA,IT,2019-Q3,450385.5,
ESTAT:TEINA010(1.0),03/06/22 23:00:00,Q,B1GQ,SCA,MIO_EUR_SCA,IT,2019-Q4,449862.5,
ESTAT:TEINA010(1.0),03/06/22 23:00:00,Q,B1GQ,SCA,MIO_EUR_SCA,IT,2020-Q1,422848.1,
ESTAT:TEINA010(1.0),03/06/22 23:00:00,Q,B1GQ,SCA,MIO_EUR_SCA,IT,2020-Q2,374319.1,
ESTAT:TEINA010(1.0),03/06/22 23:00:00,Q,B1GQ,SCA,MIO_EUR_SCA,IT,2020-Q3,431630.2,
ESTAT:TEINA010(1.0),03/06/22 23:00:00,Q,B1GQ,SCA,MIO_EUR_SCA,IT,2020-Q4,426866.5,
ESTAT:TEINA010(1.0),03/06/22 23:00:00,Q,B1GQ,SCA,MIO_EUR_SCA,IT,2021-Q1,427832.5,
ESTAT:TEINA010(1.0),03/06/22 23:00:00,Q,B1GQ,SCA,MIO_EUR_SCA,IT,2021-Q2,440686.2,
ESTAT:TEINA010(1.0),03/06/22 23:00:00,Q,B1GQ,SCA,MIO_EUR_SCA,IT,2021-Q3,452192.0,
ESTAT:TEINA010(1.0),03/06/22 23:00:00,Q,B1GQ,SCA,MIO_EUR_SCA,IT,2021-Q4,453053.7,
ESTAT:TEINA010(1.0),03/06/22 23:00:00,Q,B1GQ,SCA,MIO_EUR_SCA,IT,2022-Q1,460041.6,
ESTAT:TEINA010(1.0),03/06/22 23:00:00,Q,B1GQ,SCA,MIO_EUR_SCA,LT,2019-Q2,12191.2,
ESTAT:TEINA010(1.0),03/06/22 23:00:00,Q,B1GQ,SCA,MIO_EUR_SCA,LT,2019-Q3,12194.7,
ESTAT:TEINA010(1.0),03/06/22 23:00:00,Q,B1GQ,SCA,MIO_EUR_SCA,LT,2019-Q4,12508.3,
ESTAT:TEINA010(1.0),03/06/22 23:00:00,Q,B1GQ,SCA,MIO_EUR_SCA,LT,2020-Q1,12547.0,
ESTAT:TEINA010(1.0),03/06/22 23:00:00,Q,B1GQ,SCA,MIO_EUR_SCA,LT,2020-Q2,11847.9,
ESTAT:TEINA010(1.0),03/06/22 23:00:00,Q,B1GQ,SCA,MIO_EUR_SCA,LT,2020-Q3,12444.0,
ESTAT:TEINA010(1.0),03/06/22 23:00:00,Q,B1GQ,SCA,MIO_EUR_SCA,LT,2020-Q4,12664.7,
ESTAT:TEINA010(1.0),03/06/22 23:00:00,Q,B1GQ,SCA,MIO_EUR_SCA,LT,2021-Q1,13109.5,
ESTAT:TEINA010(1.0),03/06/22 23:00:00,Q,B1GQ,SCA,MIO_EUR_SCA,LT,2021-Q2,13690.6,
ESTAT:TEINA010(1.0),03/06/22 23:00:00,Q,B1GQ,SCA,MIO_EUR_SCA,LT,2021-Q3,13992.5,
ESTAT:TEINA010(1.0),03/06/22 23:00:00,Q,B1GQ,SCA,MIO_EUR_SCA,LT,2021-Q4,14582.5,
ESTAT:TEINA010(1.0),03/06/22 23:00:00,Q,B1GQ,SCA,MIO_EUR_SCA,LT,2022-Q1,15388.1,
ESTAT:TEINA010(1.0),03/06/22 23:00:00,Q,B1GQ,SCA,MIO_EUR_SCA,LU,2019-Q2,15753.9,
ESTAT:TEINA010(1.0),03/06/22 23:00:00,Q,B1GQ,SCA,MIO_EUR_SCA,LU,2019-Q3,15820.5,
ESTAT:TEINA010(1.0),03/06/22 23:00:00,Q,B1GQ,SCA,MIO_EUR_SCA,LU,2019-Q4,15923.8,
ESTAT:TEINA010(1.0),03/06/22 23:00:00,Q,B1GQ,SCA,MIO_EUR_SCA,LU,2020-Q1,15928.2,
ESTAT:TEINA010(1.0),03/06/22 23:00:00,Q,B1GQ,SCA,MIO_EUR_SCA,LU,2020-Q2,15176.6,
ESTAT:TEINA010(1.0),03/06/22 23:00:00,Q,B1GQ,SCA,MIO_EUR_SCA,LU,2020-Q3,16247.0,
ESTAT:TEINA010(1.0),03/06/22 23:00:00,Q,B1GQ,SCA,MIO_EUR_SCA,LU,2020-Q4,16814.6,
ESTAT:TEINA010(1.0),03/06/22 23:00:00,Q,B1GQ,SCA,MIO_EUR_SCA,LU,2021-Q1,17444.4,p
ESTAT:TEINA010(1.0),03/06/22 23:00:00,Q,B1GQ,SCA,MIO_EUR_SCA,LU,2021-Q2,17932.5,p
ESTAT:TEINA010(1.0),03/06/22 23:00:00,Q,B1GQ,SCA,MIO_EUR_SCA,LU,2021-Q3,18523.0,p
ESTAT:TEINA010(1.0),03/06/22 23:00:00,Q,B1GQ,SCA,MIO_EUR_SCA,LU,2021-Q4,19316.0,p
ESTAT:TEINA010(1.0),03/06/22 23:00:00,Q,B1GQ,SCA,MIO_EUR_SCA,LU,2022-Q1,19888.8,p
ESTAT:TEINA010(1.0),03/06/22 23:00:00,Q,B1GQ,SCA,MIO_EUR_SCA,LV,2019-Q2,7643.7,
ESTAT:TEINA010(1.0),03/06/22 23:00:00,Q,B1GQ,SCA,MIO_EUR_SCA,LV,2019-Q3,7634.3,
ESTAT:TEINA010(1.0),03/06/22 23:00:00,Q,B1GQ,SCA,MIO_EUR_SCA,LV,2019-Q4,7685.5,
ESTAT:TEINA010(1.0),03/06/22 23:00:00,Q,B1GQ,SCA,MIO_EUR_SCA,LV,2020-Q1,7659.6,
ESTAT:TEINA010(1.0),03/06/22 23:00:00,Q,B1GQ,SCA,MIO_EUR_SCA,LV,2020-Q2,6921.5,
ESTAT:TEINA010(1.0),03/06/22 23:00:00,Q,B1GQ,SCA,MIO_EUR_SCA,LV,2020-Q3,7312.0,
ESTAT:TEINA010(1.0),03/06/22 23:00:00,Q,B1GQ,SCA,MIO_EUR_SCA,LV,2020-Q4,7549.2,
ESTAT:TEINA010(1.0),03/06/22 23:00:00,Q,B1GQ,SCA,MIO_EUR_SCA,LV,2021-Q1,7814.9,
ESTAT:TEINA010(1.0),03/06/22 23:00:00,Q,B1GQ,SCA,MIO_EUR_SCA,LV,2021-Q2,8083.0,
ESTAT:TEINA010(1.0),03/06/22 23:00:00,Q,B1GQ,SCA,MIO_EUR_SCA,LV,2021-Q3,8288.8,
ESTAT:TEINA010(1.0),03/06/22 23:00:00,Q,B1GQ,SCA,MIO_EUR_SCA,LV,2021-Q4,8531.2,
ESTAT:TEINA010(1.0),03/06/22 23:00:00,Q,B1GQ,SCA,MIO_EUR_SCA,LV,2022-Q1,9291.8,
ESTAT:TEINA010(1.0),03/06/22 23:00:00,Q,B1GQ,SCA,MIO_EUR_SCA,ME,2019-Q2,1218.7,
ESTAT:TEINA010(1.0),03/06/22 23:00:00,Q,B1GQ,SCA,MIO_EUR_SCA,ME,2019-Q3,1264.3,
ESTAT:TEINA010(1.0),03/06/22 23:00:00,Q,B1GQ,SCA,MIO_EUR_SCA,ME,2019-Q4,1252.0,
ESTAT:TEINA010(1.0),03/06/22 23:00:00,Q,B1GQ,SCA,MIO_EUR_SCA,ME,2020-Q1,1231.3,
ESTAT:TEINA010(1.0),03/06/22 23:00:00,Q,B1GQ,SCA,MIO_EUR_SCA,ME,2020-Q2,946.0,
ESTAT:TEINA010(1.0),03/06/22 23:00:00,Q,B1GQ,SCA,MIO_EUR_SCA,ME,2020-Q3,930.7,
ESTAT:TEINA010(1.0),03/06/22 23:00:00,Q,B1GQ,SCA,MIO_EUR_SCA,ME,2020-Q4,1152.8,
ESTAT:TEINA010(1.0),03/06/22 23:00:00,Q,B1GQ,SCA,MIO_EUR_SCA,ME,2021-Q1,1178.6,
ESTAT:TEINA010(1.0),03/06/22 23:00:00,Q,B1GQ,SCA,MIO_EUR_SCA,ME,2021-Q2,1185.3,
ESTAT:TEINA010(1.0),03/06/22 23:00:00,Q,B1GQ,SCA,MIO_EUR_SCA,ME,2021-Q3,1218.7,
ESTAT:TEINA010(1.0),03/06/22 23:00:00,Q,B1GQ,SCA,MIO_EUR_SCA,ME,2021-Q4,1315.2,
ESTAT:TEINA010(1.0),03/06/22 23:00:00,Q,B1GQ,SCA,MIO_EUR_SCA,MK,2019-Q2,2841.4,
ESTAT:TEINA010(1.0),03/06/22 23:00:00,Q,B1GQ,SCA,MIO_EUR_SCA,MK,2019-Q3,2855.2,
ESTAT:TEINA010(1.0),03/06/22 23:00:00,Q,B1GQ,SCA,MIO_EUR_SCA,MK,2019-Q4,2792.1,
ESTAT:TEINA010(1.0),03/06/22 23:00:00,Q,B1GQ,SCA,MIO_EUR_SCA,MK,2020-Q1,2783.8,p
ESTAT:TEINA010(1.0),03/06/22 23:00:00,Q,B1GQ,SCA,MIO_EUR_SCA,MK,2020-Q2,2330.1,p
ESTAT:TEINA010(1.0),03/06/22 23:00:00,Q,B1GQ,SCA,MIO_EUR_SCA,MK,2020-Q3,2730.7,p
ESTAT:TEINA010(1.0),03/06/22 23:00:00,Q,B1GQ,SCA,MIO_EUR_SCA,MK,2020-Q4,2777.9,p
ESTAT:TEINA010(1.0),03/06/22 23:00:00,Q,B1GQ,SCA,MIO_EUR_SCA,MK,2021-Q1,2804.8,e
ESTAT:TEINA010(1.0),03/06/22 23:00:00,Q,B1GQ,SCA,MIO_EUR_SCA,MK,2021-Q2,2858.8,e
ESTAT:TEINA010(1.0),03/06/22 23:00:00,Q,B1GQ,SCA,MIO_EUR_SCA,MK,2021-Q3,2958.7,e
ESTAT:TEINA010(1.0),03/06/22 23:00:00,Q,B1GQ,SCA,MIO_EUR_SCA,MK,2021-Q4,3081.1,e
ESTAT:TEINA010(1.0),03/06/22 23:00:00,Q,B1GQ,SCA,MIO_EUR_SCA,MT,2019-Q2,3490.3,
ESTAT:TEINA010(1.0),03/06/22 23:00:00,Q,B1GQ,SCA,MIO_EUR_SCA,MT,2019-Q3,3592.2,
ESTAT:TEINA010(1.0),03/06/22 23:00:00,Q,B1GQ,SCA,MIO_EUR_SCA,MT,2019-Q4,3615.9,
ESTAT:TEINA010(1.0),03/06/22 23:00:00,Q,B1GQ,SCA,MIO_EUR_SCA,MT,2020-Q1,3454.6,
ESTAT:TEINA010(1.0),03/06/22 23:00:00,Q,B1GQ,SCA,MIO_EUR_SCA,MT,2020-Q2,3010.7,
ESTAT:TEINA010(1.0),03/06/22 23:00:00,Q,B1GQ,SCA,MIO_EUR_SCA,MT,2020-Q3,3223.4,
ESTAT:TEINA010(1.0),03/06/22 23:00:00,Q,B1GQ,SCA,MIO_EUR_SCA,MT,2020-Q4,3377.2,
ESTAT:TEINA010(1.0),03/06/22 23:00:00,Q,B1GQ,SCA,MIO_EUR_SCA,MT,2021-Q1,3501.6,
ESTAT:TEINA010(1.0),03/06/22 23:00:00,Q,B1GQ,SCA,MIO_EUR_SCA,MT,2021-Q2,3557.7,
ESTAT:TEINA010(1.0),03/06/22 23:00:00,Q,B1GQ,SCA,MIO_EUR_SCA,MT,2021-Q3,3763.4,
ESTAT:TEINA010(1.0),03/06/22 23:00:00,Q,B1GQ,SCA,MIO_EUR_SCA,MT,2021-Q4,3862.0,
ESTAT:TEINA010(1.0),03/06/22 23:00:00,Q,B1GQ,SCA,MIO_EUR_SCA,MT,2022-Q1,3868.3,
ESTAT:TEINA010(1.0),03/06/22 23:00:00,Q,B1GQ,SCA,MIO_EUR_SCA,NL,2019-Q2,202058.1,p
ESTAT:TEINA010(1.0),03/06/22 23:00:00,Q,B1GQ,SCA,MIO_EUR_SCA,NL,2019-Q3,204184.7,p
ESTAT:TEINA010(1.0),03/06/22 23:00:00,Q,B1GQ,SCA,MIO_EUR_SCA,NL,2019-Q4,206518.9,p
ESTAT:TEINA010(1.0),03/06/22 23:00:00,Q,B1GQ,SCA,MIO_EUR_SCA,NL,2020-Q1,204152.2,p
ESTAT:TEINA010(1.0),03/06/22 23:00:00,Q,B1GQ,SCA,MIO_EUR_SCA,NL,2020-Q2,186952.2,p
ESTAT:TEINA010(1.0),03/06/22 23:00:00,Q,B1GQ,SCA,MIO_EUR_SCA,NL,2020-Q3,203380.8,p
ESTAT:TEINA010(1.0),03/06/22 23:00:00,Q,B1GQ,SCA,MIO_EUR_SCA,NL,2020-Q4,205502.9,p
ESTAT:TEINA010(1.0),03/06/22 23:00:00,Q,B1GQ,SCA,MIO_EUR_SCA,NL,2021-Q1,204800.9,p
ESTAT:TEINA010(1.0),03/06/22 23:00:00,Q,B1GQ,SCA,MIO_EUR_SCA,NL,2021-Q2,212061.0,p
ESTAT:TEINA010(1.0),03/06/22 23:00:00,Q,B1GQ,SCA,MIO_EUR_SCA,NL,2021-Q3,220367.2,p
ESTAT:TEINA010(1.0),03/06/22 23:00:00,Q,B1GQ,SCA,MIO_EUR_SCA,NL,2021-Q4,223278.3,p
ESTAT:TEINA010(1.0),03/06/22 23:00:00,Q,B1GQ,SCA,MIO_EUR_SCA,NL,2022-Q1,227566.9,p
ESTAT:TEINA010(1.0),03/06/22 23:00:00,Q,B1GQ,SCA,MIO_EUR_SCA,NO,2019-Q2,91660.1,
ESTAT:TEINA010(1.0),03/06/22 23:00:00,Q,B1GQ,SCA,MIO_EUR_SCA,NO,2019-Q3,90082.5,
ESTAT:TEINA010(1.0),03/06/22 23:00:00,Q,B1GQ,SCA,MIO_EUR_SCA,NO,2019-Q4,89559.5,
ESTAT:TEINA010(1.0),03/06/22 23:00:00,Q,B1GQ,SCA,MIO_EUR_SCA,NO,2020-Q1,83660.3,
ESTAT:TEINA010(1.0),03/06/22 23:00:00,Q,B1GQ,SCA,MIO_EUR_SCA,NO,2020-Q2,72317.5,
ESTAT:TEINA010(1.0),03/06/22 23:00:00,Q,B1GQ,SCA,MIO_EUR_SCA,NO,2020-Q3,80059.5,
ESTAT:TEINA010(1.0),03/06/22 23:00:00,Q,B1GQ,SCA,MIO_EUR_SCA,NO,2020-Q4,81123.7,
ESTAT:TEINA010(1.0),03/06/22 23:00:00,Q,B1GQ,SCA,MIO_EUR_SCA,NO,2021-Q1,89263.4,
ESTAT:TEINA010(1.0),03/06/22 23:00:00,Q,B1GQ,SCA,MIO_EUR_SCA,NO,2021-Q2,95490.8,
ESTAT:TEINA010(1.0),03/06/22 23:00:00,Q,B1GQ,SCA,MIO_EUR_SCA,NO,2021-Q3,104793.8,
ESTAT:TEINA010(1.0),03/06/22 23:00:00,Q,B1GQ,SCA,MIO_EUR_SCA,NO,2021-Q4,117222.4,
ESTAT:TEINA010(1.0),03/06/22 23:00:00,Q,B1GQ,SCA,MIO_EUR_SCA,NO,2022-Q1,124426.4,
ESTAT:TEINA010(1.0),03/06/22 23:00:00,Q,B1GQ,SCA,MIO_EUR_SCA,PL,2019-Q2,133318.3,
ESTAT:TEINA010(1.0),03/06/22 23:00:00,Q,B1GQ,SCA,MIO_EUR_SCA,PL,2019-Q3,132829.0,
ESTAT:TEINA010(1.0),03/06/22 23:00:00,Q,B1GQ,SCA,MIO_EUR_SCA,PL,2019-Q4,137185.9,
ESTAT:TEINA010(1.0),03/06/22 23:00:00,Q,B1GQ,SCA,MIO_EUR_SCA,PL,2020-Q1,138042.7,
ESTAT:TEINA010(1.0),03/06/22 23:00:00,Q,B1GQ,SCA,MIO_EUR_SCA,PL,2020-Q2,121999.2,
ESTAT:TEINA010(1.0),03/06/22 23:00:00,Q,B1GQ,SCA,MIO_EUR_SCA,PL,2020-Q3,132008.5,
ESTAT:TEINA010(1.0),03/06/22 23:00:00,Q,B1GQ,SCA,MIO_EUR_SCA,PL,2020-Q4,134101.7,
ESTAT:TEINA010(1.0),03/06/22 23:00:00,Q,B1GQ,SCA,MIO_EUR_SCA,PL,2021-Q1,138083.3,
ESTAT:TEINA010(1.0),03/06/22 23:00:00,Q,B1GQ,SCA,MIO_EUR_SCA,PL,2021-Q2,142215.5,
ESTAT:TEINA010(1.0),03/06/22 23:00:00,Q,B1GQ,SCA,MIO_EUR_SCA,PL,2021-Q3,142354.0,
ESTAT:TEINA010(1.0),03/06/22 23:00:00,Q,B1GQ,SCA,MIO_EUR_SCA,PL,2021-Q4,150810.0,
ESTAT:TEINA010(1.0),03/06/22 23:00:00,Q,B1GQ,SCA,MIO_EUR_SCA,PL,2022-Q1,157727.0,
ESTAT:TEINA010(1.0),03/06/22 23:00:00,Q,B1GQ,SCA,MIO_EUR_SCA,PT,2019-Q2,53220.4,
ESTAT:TEINA010(1.0),03/06/22 23:00:00,Q,B1GQ,SCA,MIO_EUR_SCA,PT,2019-Q3,53859.7,
ESTAT:TEINA010(1.0),03/06/22 23:00:00,Q,B1GQ,SCA,MIO_EUR_SCA,PT,2019-Q4,54312.3,
ESTAT:TEINA010(1.0),03/06/22 23:00:00,Q,B1GQ,SCA,MIO_EUR_SCA,PT,2020-Q1,52393.6,p
ESTAT:TEINA010(1.0),03/06/22 23:00:00,Q,B1GQ,SCA,MIO_EUR_SCA,PT,2020-Q2,45294.8,p
ESTAT:TEINA010(1.0),03/06/22 23:00:00,Q,B1GQ,SCA,MIO_EUR_SCA,PT,2020-Q3,51109.2,p
ESTAT:TEINA010(1.0),03/06/22 23:00:00,Q,B1GQ,SCA,MIO_EUR_SCA,PT,2020-Q4,51289.9,p
ESTAT:TEINA010(1.0),03/06/22 23:00:00,Q,B1GQ,SCA,MIO_EUR_SCA,PT,2021-Q1,50574.4,p
ESTAT:TEINA010(1.0),03/06/22 23:00:00,Q,B1GQ,SCA,MIO_EUR_SCA,PT,2021-Q2,52311.2,p
ESTAT:TEINA010(1.0),03/06/22 23:00:00,Q,B1GQ,SCA,MIO_EUR_SCA,PT,2021-Q3,53808.0,p
ESTAT:TEINA010(1.0),03/06/22 23:00:00,Q,B1GQ,SCA,MIO_EUR_SCA,PT,2021-Q4,54584.5,p
ESTAT:TEINA010(1.0),03/06/22 23:00:00,Q,B1GQ,SCA,MIO_EUR_SCA,PT,2022-Q1,57003.7,p
ESTAT:TEINA010(1.0),03/06/22 23:00:00,Q,B1GQ,SCA,MIO_EUR_SCA,RO,2019-Q2,55355.3,
ESTAT:TEINA010(1.0),03/06/22 23:00:00,Q,B1GQ,SCA,MIO_EUR_SCA,RO,2019-Q3,55974.6,
ESTAT:TEINA010(1.0),03/06/22 23:00:00,Q,B1GQ,SCA,MIO_EUR_SCA,RO,2019-Q4,57283.8,
ESTAT:TEINA010(1.0),03/06/22 23:00:00,Q,B1GQ,SCA,MIO_EUR_SCA,RO,2020-Q1,57220.9,p
ESTAT:TEINA010(1.0),03/06/22 23:00:00,Q,B1GQ,SCA,MIO_EUR_SCA,RO,2020-Q2,49712.1,p
ESTAT:TEINA010(1.0),03/06/22 23:00:00,Q,B1GQ,SCA,MIO_EUR_SCA,RO,2020-Q3,53935.1,p
ESTAT:TEINA010(1.0),03/06/22 23:00:00,Q,B1GQ,SCA,MIO_EUR_SCA,RO,2020-Q4,57632.1,p
ESTAT:TEINA010(1.0),03/06/22 23:00:00,Q,B1GQ,SCA,MIO_EUR_SCA,RO,2021-Q1,58711.1,p
ESTAT:TEINA010(1.0),03/06/22 23:00:00,Q,B1GQ,SCA,MIO_EUR_SCA,RO,2021-Q2,59291.4,p
ESTAT:TEINA010(1.0),03/06/22 23:00:00,Q,B1GQ,SCA,MIO_EUR_SCA,RO,2021-Q3,59670.4,p
ESTAT:TEINA010(1.0),03/06/22 23:00:00,Q,B1GQ,SCA,MIO_EUR_SCA,RO,2021-Q4,61744.9,p
ESTAT:TEINA010(1.0),03/06/22 23:00:00,Q,B1GQ,SCA,MIO_EUR_SCA,RS,2019-Q2,11374.4,
ESTAT:TEINA010(1.0),03/06/22 23:00:00,Q,B1GQ,SCA,MIO_EUR_SCA,RS,2019-Q3,11639.6,
ESTAT:TEINA010(1.0),03/06/22 23:00:00,Q,B1GQ,SCA,MIO_EUR_SCA,RS,2019-Q4,11888.0,
ESTAT:TEINA010(1.0),03/06/22 23:00:00,Q,B1GQ,SCA,MIO_EUR_SCA,RS,2020-Q1,12015.2,
ESTAT:TEINA010(1.0),03/06/22 23:00:00,Q,B1GQ,SCA,MIO_EUR_SCA,RS,2020-Q2,11004.6,
ESTAT:TEINA010(1.0),03/06/22 23:00:00,Q,B1GQ,SCA,MIO_EUR_SCA,RS,2020-Q3,11766.5,
ESTAT:TEINA010(1.0),03/06/22 23:00:00,Q,B1GQ,SCA,MIO_EUR_SCA,RS,2020-Q4,12025.4,
ESTAT:TEINA010(1.0),03/06/22 23:00:00,Q,B1GQ,SCA,MIO_EUR_SCA,RS,2021-Q1,12513.9,
ESTAT:TEINA010(1.0),03/06/22 23:00:00,Q,B1GQ,SCA,MIO_EUR_SCA,RS,2021-Q2,13185.9,
ESTAT:TEINA010(1.0),03/06/22 23:00:00,Q,B1GQ,SCA,MIO_EUR_SCA,RS,2021-Q3,13517.5,
ESTAT:TEINA010(1.0),03/06/22 23:00:00,Q,B1GQ,SCA,MIO_EUR_SCA,RS,2021-Q4,14004.7,
ESTAT:TEINA010(1.0),03/06/22 23:00:00,Q,B1GQ,SCA,MIO_EUR_SCA,RS,2022-Q1,14140.0,
ESTAT:TEINA010(1.0),03/06/22 23:00:00,Q,B1GQ,SCA,MIO_EUR_SCA,SE,2019-Q2,118791.9,
ESTAT:TEINA010(1.0),03/06/22 23:00:00,Q,B1GQ,SCA,MIO_EUR_SCA,SE,2019-Q3,118610.1,
ESTAT:TEINA010(1.0),03/06/22 23:00:00,Q,B1GQ,SCA,MIO_EUR_SCA,SE,2019-Q4,119813.5,
ESTAT:TEINA010(1.0),03/06/22 23:00:00,Q,B1GQ,SCA,MIO_EUR_SCA,SE,2020-Q1,120769.2,
ESTAT:TEINA010(1.0),03/06/22 23:00:00,Q,B1GQ,SCA,MIO_EUR_SCA,SE,2020-Q2,112374.2,
ESTAT:TEINA010(1.0),03/06/22 23:00:00,Q,B1GQ,SCA,MIO_EUR_SCA,SE,2020-Q3,122050.7,
ESTAT:TEINA010(1.0),03/06/22 23:00:00,Q,B1GQ,SCA,MIO_EUR_SCA,SE,2020-Q4,125048.5,
ESTAT:TEINA010(1.0),03/06/22 23:00:00,Q,B1GQ,SCA,MIO_EUR_SCA,SE,2021-Q1,130301.6,
ESTAT:TEINA010(1.0),03/06/22 23:00:00,Q,B1GQ,SCA,MIO_EUR_SCA,SE,2021-Q2,131572.5,
ESTAT:TEINA010(1.0),03/06/22 23:00:00,Q,B1GQ,SCA,MIO_EUR_SCA,SE,2021-Q3,134652.9,
ESTAT:TEINA010(1.0),03/06/22 23:00:00,Q,B1GQ,SCA,MIO_EUR_SCA,SE,2021-Q4,140000.3,
ESTAT:TEINA010(1.0),03/06/22 23:00:00,Q,B1GQ,SCA,MIO_EUR_SCA,SE,2022-Q1,135071.9,
ESTAT:TEINA010(1.0),03/06/22 23:00:00,Q,B1GQ,SCA,MIO_EUR_SCA,SI,2019-Q2,11988.1,
ESTAT:TEINA010(1.0),03/06/22 23:00:00,Q,B1GQ,SCA,MIO_EUR_SCA,SI,2019-Q3,12237.3,
ESTAT:TEINA010(1.0),03/06/22 23:00:00,Q,B1GQ,SCA,MIO_EUR_SCA,SI,2019-Q4,12433.1,
ESTAT:TEINA010(1.0),03/06/22 23:00:00,Q,B1GQ,SCA,MIO_EUR_SCA,SI,2020-Q1,11864.6,
ESTAT:TEINA010(1.0),03/06/22 23:00:00,Q,B1GQ,SCA,MIO_EUR_SCA,SI,2020-Q2,10794.1,
ESTAT:TEINA010(1.0),03/06/22 23:00:00,Q,B1GQ,SCA,MIO_EUR_SCA,SI,2020-Q3,11968.8,
ESTAT:TEINA010(1.0),03/06/22 23:00:00,Q,B1GQ,SCA,MIO_EUR_SCA,SI,2020-Q4,12065.0,
ESTAT:TEINA010(1.0),03/06/22 23:00:00,Q,B1GQ,SCA,MIO_EUR_SCA,SI,2021-Q1,12353.4,
ESTAT:TEINA010(1.0),03/06/22 23:00:00,Q,B1GQ,SCA,MIO_EUR_SCA,SI,2021-Q2,12695.3,
ESTAT:TEINA010(1.0),03/06/22 23:00:00,Q,B1GQ,SCA,MIO_EUR_SCA,SI,2021-Q3,12957.1,
ESTAT:TEINA010(1.0),03/06/22 23:00:00,Q,B1GQ,SCA,MIO_EUR_SCA,SI,2021-Q4,13737.5,
ESTAT:TEINA010(1.0),03/06/22 23:00:00,Q,B1GQ,SCA,MIO_EUR_SCA,SI,2022-Q1,13955.8,
ESTAT:TEINA010(1.0),03/06/22 23:00:00,Q,B1GQ,SCA,MIO_EUR_SCA,SK,2019-Q2,23421.9,
ESTAT:TEINA010(1.0),03/06/22 23:00:00,Q,B1GQ,SCA,MIO_EUR_SCA,SK,2019-Q3,23576.3,
ESTAT:TEINA010(1.0),03/06/22 23:00:00,Q,B1GQ,SCA,MIO_EUR_SCA,SK,2019-Q4,23881.3,
ESTAT:TEINA010(1.0),03/06/22 23:00:00,Q,B1GQ,SCA,MIO_EUR_SCA,SK,2020-Q1,23081.0,
ESTAT:TEINA010(1.0),03/06/22 23:00:00,Q,B1GQ,SCA,MIO_EUR_SCA,SK,2020-Q2,21552.6,
ESTAT:TEINA010(1.0),03/06/22 23:00:00,Q,B1GQ,SCA,MIO_EUR_SCA,SK,2020-Q3,23604.3,
ESTAT:TEINA010(1.0),03/06/22 23:00:00,Q,B1GQ,SCA,MIO_EUR_SCA,SK,2020-Q4,23841.4,
ESTAT:TEINA010(1.0),03/06/22 23:00:00,Q,B1GQ,SCA,MIO_EUR_SCA,SK,2021-Q1,23216.2,
ESTAT:TEINA010(1.0),03/06/22 23:00:00,Q,B1GQ,SCA,MIO_EUR_SCA,SK,2021-Q2,24297.6,
ESTAT:TEINA010(1.0),03/06/22 23:00:00,Q,B1GQ,SCA,MIO_EUR_SCA,SK,2021-Q3,24633.1,
ESTAT:TEINA010(1.0),03/06/22 23:00:00,Q,B1GQ,SCA,MIO_EUR_SCA,SK,2021-Q4,24975.6,
ESTAT:TEINA010(1.0),03/06/22 23:00:00,Q,B1GQ,SCA,MIO_EUR_SCA,SK,2022-Q1,25302.0,
ESTAT:TEINA010(1.0),03/06/22 23:00:00,Q,B1GQ,SCA,MIO_EUR_SCA,TR,2019-Q2,160813.7,
ESTAT:TEINA010(1.0),03/06/22 23:00:00,Q,B1GQ,SCA,MIO_EUR_SCA,TR,2019-Q3,173535.1,
ESTAT:TEINA010(1.0),03/06/22 23:00:00,Q,B1GQ,SCA,MIO_EUR_SCA,TR,2019-Q4,177173.1,
ESTAT:TEINA010(1.0),03/06/22 23:00:00,Q,B1GQ,SCA,MIO_EUR_SCA,TR,2020-Q1,175514.9,
ESTAT:TEINA010(1.0),03/06/22 23:00:00,Q,B1GQ,SCA,MIO_EUR_SCA,TR,2020-Q2,142880.8,
ESTAT:TEINA010(1.0),03/06/22 23:00:00,Q,B1GQ,SCA,MIO_EUR_SCA,TR,2020-Q3,158915.4,
ESTAT:TEINA010(1.0),03/06/22 23:00:00,Q,B1GQ,SCA,MIO_EUR_SCA,TR,2020-Q4,152957.7,
ESTAT:TEINA010(1.0),03/06/22 23:00:00,Q,B1GQ,SCA,MIO_EUR_SCA,TR,2021-Q1,172571.5,
ESTAT:TEINA010(1.0),03/06/22 23:00:00,Q,B1GQ,SCA,MIO_EUR_SCA,TR,2021-Q2,164955.0,
ESTAT:TEINA010(1.0),03/06/22 23:00:00,Q,B1GQ,SCA,MIO_EUR_SCA,TR,2021-Q3,184184.6,
ESTAT:TEINA010(1.0),03/06/22 23:00:00,Q,B1GQ,SCA,MIO_EUR_SCA,TR,2021-Q4,166984.4,
ESTAT:TEINA010(1.0),03/06/22 23:00:00,Q,B1GQ,SCA,MIO_EUR_SCA,TR,2022-Q1,171545.1,
ESTAT:TEINA010(1.0),03/06/22 23:00:00,Q,B1GQ,SCA,MIO_EUR_SCA,UK,2019-Q2,630981.9,
ESTAT:TEINA010(1.0),03/06/22 23:00:00,Q,B1GQ,SCA,MIO_EUR_SCA,UK,2019-Q3,618880.6,
ESTAT:TEINA010(1.0),03/06/22 23:00:00,Q,B1GQ,SCA,MIO_EUR_SCA,UK,2019-Q4,649860.6,
ESTAT:TEINA010(1.0),03/06/22 23:00:00,Q,B1GQ,SCA,MIO_EUR_SCA,UK,2020-Q1,642870.4,
ESTAT:TEINA010(1.0),03/06/22 23:00:00,Q,B1GQ,SCA,MIO_EUR_SCA,UK,2020-Q2,536776.7,
ESTAT:TEINA010(1.0),03/06/22 23:00:00,Q,B1GQ,SCA,MIO_EUR_SCA,UK,2020-Q3,596839.9,
